Bin Id	Marker lineage	# genomes	# markers	# marker sets	0	1	2	3	4	5+	Completeness	Contamination	Strain heterogeneity  
elviz-contigs-1056124.Methylophilus-1	c__Betaproteobacteria (UID3888)	323	387	234	0	386	1	0	0	0	100	0.03	0
elviz-contigs-1056148.Methylophilus-1	c__Betaproteobacteria (UID3888)	323	387	234	0	386	1	0	0	0	100	0.03	0
elviz-contigs-1056151.Methylophilus-1	c__Betaproteobacteria (UID3888)	323	387	234	0	386	1	0	0	0	100	0.03	0
elviz-contigs-1056169.Methylophilus-1	c__Betaproteobacteria (UID3888)	323	387	234	0	386	1	0	0	0	100	0.03	0
elviz-contigs-1056172.Methylophilus-1	c__Betaproteobacteria (UID3888)	323	387	234	0	386	1	0	0	0	100	0.03	0
elviz-contigs-1056181.Methylophilus-1	c__Betaproteobacteria (UID3888)	323	387	234	0	386	1	0	0	0	100	0.03	0
elviz-contigs-1056184.Methylophilus-1	c__Betaproteobacteria (UID3888)	323	387	234	0	386	1	0	0	0	100	0.03	0
elviz-contigs-1056205.Methylophilus-1	c__Betaproteobacteria (UID3888)	323	387	234	0	386	1	0	0	0	100	0.03	0
elviz-contigs-1056208.Methylophilus-1	c__Betaproteobacteria (UID3888)	323	387	234	0	386	1	0	0	0	100	0.03	0
elviz-contigs-1056031.Methylobacter-1	k__Bacteria (UID203)	5449	103	57	0	42	42	14	5	0	100	67.4	57.89
elviz-contigs-1056046.Bacteroidetes-1	k__Bacteria (UID203)	5449	104	58	0	22	78	3	1	0	100	85.97	12.9
elviz-contigs-1056124.Methylophilus-1	c__Betaproteobacteria (UID3888)	323	387	234	0	386	1	0	0	0	100	0.03	0
elviz-contigs-1056148.Methylophilus-1	c__Betaproteobacteria (UID3888)	323	387	234	0	386	1	0	0	0	100	0.03	0
elviz-contigs-1056151.Methylophilus-1	c__Betaproteobacteria (UID3888)	323	387	234	0	386	1	0	0	0	100	0.03	0
elviz-contigs-1056169.Methylophilus-1	c__Betaproteobacteria (UID3888)	323	387	234	0	386	1	0	0	0	100	0.03	0
elviz-contigs-1056172.Methylophilus-1	c__Betaproteobacteria (UID3888)	323	387	234	0	386	1	0	0	0	100	0.03	0
elviz-contigs-1056181.Methylophilus-1	c__Betaproteobacteria (UID3888)	323	387	234	0	386	1	0	0	0	100	0.03	0
elviz-contigs-1056184.Methylophilus-1	c__Betaproteobacteria (UID3888)	323	387	234	0	386	1	0	0	0	100	0.03	0
elviz-contigs-1056202.Methylophilus-1	c__Betaproteobacteria (UID3888)	323	387	234	0	352	35	0	0	0	100	8.91	80
elviz-contigs-1056205.Methylophilus-1	c__Betaproteobacteria (UID3888)	323	387	234	0	386	1	0	0	0	100	0.03	0
elviz-contigs-1056208.Methylophilus-1	c__Betaproteobacteria (UID3888)	323	387	234	0	386	1	0	0	0	100	0.03	0
elviz-contigs-1056226.Methylotenera-1	k__Bacteria (UID203)	5449	104	58	0	16	80	5	3	0	100	90.64	71.68
elviz-contigs-1056253.Flavobacterium-1	k__Bacteria (UID203)	5449	104	58	0	75	27	2	0	0	100	22.97	75.76
elviz-contigs-1056256.Flavobacterium-1	k__Bacteria (UID203)	5449	104	58	0	73	29	1	1	0	100	30.18	68.42
elviz-contigs-1056268.Methylophilus-1	c__Betaproteobacteria (UID3888)	323	387	234	0	377	10	0	0	0	100	1.62	50
elviz-contigs-1056076.Methylophilus-1	c__Betaproteobacteria (UID3888)	323	387	234	1	385	1	0	0	0	99.94	0.03	0
elviz-contigs-1056076.Methylophilus-1	c__Betaproteobacteria (UID3888)	323	387	234	1	385	1	0	0	0	99.94	0.03	0
elviz-contigs-1056256.Gammaproteobacteria-1	f__Xanthomonadaceae (UID4214)	55	659	290	2	638	18	1	0	0	99.78	3.8	4.76
elviz-contigs-1056256.Gammaproteobacteria-1	f__Xanthomonadaceae (UID4214)	55	659	290	2	638	18	1	0	0	99.78	3.8	4.76
elviz-contigs-1056211.Methylophilus-1	c__Betaproteobacteria (UID3888)	323	387	234	2	249	127	9	0	0	99.75	39.23	87.01
elviz-contigs-1056253.Gammaproteobacteria-1	f__Xanthomonadaceae (UID4214)	55	659	290	2	632	23	2	0	0	99.74	4.52	10.34
elviz-contigs-1056238.Gammaproteobacteria-1	f__Xanthomonadaceae (UID4214)	55	659	290	3	651	4	1	0	0	99.73	1.51	0
elviz-contigs-1056238.Gammaproteobacteria-1	f__Xanthomonadaceae (UID4214)	55	659	290	3	651	4	1	0	0	99.73	1.51	0
elviz-contigs-1056202.Comamonadaceae-1	k__Bacteria (UID203)	5449	104	58	2	25	62	13	2	0	99.69	92.93	52.21
elviz-contigs-1056124.Flavobacterium-1	f__Flavobacteriaceae (UID2817)	81	511	283	1	508	2	0	0	0	99.65	0.29	50
elviz-contigs-1056022.Bacteroidetes-1	p__Bacteroidetes (UID2605)	350	316	210	1	283	30	1	1	0	99.52	13.8	7.69
elviz-contigs-1056229.Gammaproteobacteria-1	f__Xanthomonadaceae (UID4214)	55	659	290	2	634	20	3	0	0	99.48	4.22	13.79
elviz-contigs-1056274.Burkholderiales-1	o__Burkholderiales (UID4000)	193	427	214	2	403	20	2	0	0	99.47	6.44	34.62
elviz-contigs-1056226.Pseudomonas-1	o__Pseudomonadales (UID4488)	185	812	307	8	695	103	6	0	0	99.42	14.49	59.5
elviz-contigs-1056100.Flavobacterium-1	f__Flavobacteriaceae (UID2817)	81	511	283	4	483	24	0	0	0	99.35	5	37.5
elviz-contigs-1056148.Flavobacterium-1	f__Flavobacteriaceae (UID2817)	81	511	283	2	336	160	9	4	0	99.29	40.03	22.75
elviz-contigs-1056205.Gammaproteobacteria-1	f__Xanthomonadaceae (UID4214)	55	659	290	6	630	22	1	0	0	99.21	5.13	4
elviz-contigs-1056205.Gammaproteobacteria-1	f__Xanthomonadaceae (UID4214)	55	659	290	6	630	22	1	0	0	99.21	5.13	4
elviz-contigs-1056244.Methylophilus-1	c__Betaproteobacteria (UID3888)	323	387	234	2	382	3	0	0	0	99.15	0.89	33.33
elviz-contigs-1056085.Sphingobacteriales-1	k__Bacteria (UID203)	5449	104	58	2	59	40	3	0	0	98.98	28.95	79.59
elviz-contigs-1056184.Gammaproteobacteria-1	f__Xanthomonadaceae (UID4214)	55	659	290	6	631	20	2	0	0	98.81	5.09	19.23
elviz-contigs-1056271.Methylobacter-1	c__Gammaproteobacteria (UID4274)	112	580	289	7	567	6	0	0	0	98.66	1.58	16.67
elviz-contigs-1056127.Methylosarcina-1	c__Gammaproteobacteria (UID4274)	112	580	289	7	564	8	0	1	0	98.55	1.52	28.57
elviz-contigs-1056145.Methylophilus-1	c__Betaproteobacteria (UID3888)	323	387	234	10	361	16	0	0	0	98.47	3.6	12.5
elviz-contigs-1056127.Flavobacterium-1	k__Bacteria (UID203)	5449	104	58	1	48	43	12	0	0	98.28	66.21	39.24
elviz-contigs-1056130.Comamonadaceae-1	k__Bacteria (UID203)	5449	104	58	1	31	50	18	3	1	98.28	86.42	46.21
elviz-contigs-1056187.Comamonadaceae-1	k__Bacteria (UID203)	5449	104	58	1	52	41	7	2	1	98.28	63.52	36.9
elviz-contigs-1056238.Flavobacterium-1	k__Bacteria (UID203)	5449	104	58	1	33	66	3	1	0	98.28	71.23	62.96
elviz-contigs-1056244.Methylophilaceae-1	k__Bacteria (UID203)	5449	104	58	1	29	70	4	0	0	98.28	66.77	41.46
elviz-contigs-1056259.Comamonadaceae-1	k__Bacteria (UID203)	5449	104	58	1	44	39	14	6	0	98.28	73.32	46.15
elviz-contigs-1056268.Bacteriovorax-1	k__Bacteria (UID203)	5449	103	57	1	20	64	17	1	0	98.25	83.99	9.92
elviz-contigs-1056190.Burkholderiales-1	k__Bacteria (UID203)	5449	104	58	2	31	41	28	2	0	98.12	95.9	35.77
elviz-contigs-1056124.Bacteroidetes-1	p__Bacteroidetes (UID2605)	350	316	210	5	302	9	0	0	0	98.1	3.81	0
elviz-contigs-1056124.Bacteroidetes-1	p__Bacteroidetes (UID2605)	350	316	210	5	302	9	0	0	0	98.1	3.81	0
elviz-contigs-1056157.Sphingobacteriales-1	p__Bacteroidetes (UID2591)	364	303	203	4	297	2	0	0	0	98.03	0.74	0
elviz-contigs-1056109.Sphingobacteriales-1	p__Bacteroidetes (UID2591)	364	303	203	4	271	28	0	0	0	98.03	7.8	60.71
elviz-contigs-1056133.Sphingobacteriales-1	p__Bacteroidetes (UID2591)	364	303	203	4	295	4	0	0	0	98.03	0.92	50
elviz-contigs-1056157.Sphingobacteriales-1	p__Bacteroidetes (UID2591)	364	303	203	4	297	2	0	0	0	98.03	0.74	0
elviz-contigs-1056196.Pseudomonas-1	g__Pseudomonas (UID4550)	78	1044	368	13	1019	10	2	0	0	97.92	2.09	25
elviz-contigs-1056247.Methylobacter-1	c__Gammaproteobacteria (UID4274)	112	580	289	10	564	6	0	0	0	97.86	1.58	16.67
elviz-contigs-1056274.Methylobacter-1	c__Gammaproteobacteria (UID4274)	112	580	289	29	544	7	0	0	0	97.79	1.92	14.29
elviz-contigs-1056262.Gammaproteobacteria-1	f__Xanthomonadaceae (UID4214)	55	659	290	13	628	17	1	0	0	97.75	3.81	10
elviz-contigs-1056178.Burkholderiales-1	o__Burkholderiales (UID4000)	193	427	214	8	367	46	6	0	0	97.67	13.57	37.5
elviz-contigs-1056190.Curvibacter-1	o__Burkholderiales (UID4000)	193	425	212	13	387	25	0	0	0	97.54	7.89	56
elviz-contigs-1056229.Flavobacterium-1	f__Flavobacteriaceae (UID2817)	81	511	283	8	502	1	0	0	0	97.53	0.35	0
elviz-contigs-1056097.Flavobacterium-1	f__Flavobacteriaceae (UID2817)	81	511	283	8	429	70	4	0	0	97.53	14.78	34.15
elviz-contigs-1056229.Flavobacterium-1	f__Flavobacteriaceae (UID2817)	81	511	283	8	502	1	0	0	0	97.53	0.35	0
elviz-contigs-1056100.Methylobacter-1	k__Bacteria (UID203)	5449	104	58	2	40	40	19	3	0	97.41	90.53	40
elviz-contigs-1056136.Sphingobacteriales-1	k__Bacteria (UID203)	5449	104	58	2	50	51	1	0	0	97.41	38.59	77.78
elviz-contigs-1056100.Methylophilus-1	c__Betaproteobacteria (UID3888)	323	387	234	19	362	6	0	0	0	97.19	0.74	16.67
elviz-contigs-1056106.Methylosarcina-1	c__Gammaproteobacteria (UID4274)	112	580	289	17	552	10	0	1	0	96.91	2.57	43.75
elviz-contigs-1056139.Methylotenera-1	k__Bacteria (UID203)	5449	104	58	4	69	28	3	0	0	96.91	32.87	67.57
elviz-contigs-1056217.Burkholderiales-1	o__Burkholderiales (UID4000)	193	427	214	10	368	42	7	0	0	96.81	17.99	23.81
elviz-contigs-1056223.Methylobacter-1	c__Gammaproteobacteria (UID4274)	112	580	289	17	555	8	0	0	0	96.64	2.09	37.5
elviz-contigs-1056070.Flavobacterium-1	k__Bacteria (UID203)	5449	104	58	2	56	39	6	1	0	96.55	58.22	47.62
elviz-contigs-1056175.Comamonadaceae-1	k__Bacteria (UID203)	5449	104	58	2	31	56	10	5	0	96.55	88.83	34.48
elviz-contigs-1056178.Comamonadaceae-1	k__Bacteria (UID203)	5449	104	58	2	39	48	10	4	1	96.55	74.53	37.5
elviz-contigs-1056052.Methylobacter-1	k__Bacteria (UID203)	5449	103	57	2	32	45	18	6	0	96.49	86.01	44.44
elviz-contigs-1056124.Methylobacter-1	k__Bacteria (UID203)	5449	103	57	2	52	42	7	0	0	96.49	69.14	42.86
elviz-contigs-1056205.Flavobacterium-1	f__Flavobacteriaceae (UID2817)	81	511	283	14	336	136	22	2	1	96.41	37.61	21.7
elviz-contigs-1056106.Flavobacterium-1	k__Bacteria (UID203)	5449	104	58	3	57	35	9	0	0	96.39	48.81	48.39
elviz-contigs-1056145.Curvibacter-1	o__Burkholderiales (UID4000)	193	425	212	19	378	28	0	0	0	96.35	8.33	46.43
elviz-contigs-1056088.Bacteriovorax-1	k__Bacteria (UID203)	5449	103	57	3	43	51	6	0	0	96.33	48.96	7.25
elviz-contigs-1056205.Methylotenera-1	k__Bacteria (UID203)	5449	104	58	4	27	53	18	2	0	96.24	85.84	64.71
elviz-contigs-1056166.Comamonadaceae-1	k__Bacteria (UID203)	5449	104	58	10	55	32	7	0	0	96.16	47.5	56.6
elviz-contigs-1056193.Methylophilus-1	c__Betaproteobacteria (UID3888)	323	387	234	15	347	25	0	0	0	96.11	6.99	56
elviz-contigs-1056265.Acidovorax-1	k__Bacteria (UID203)	5449	104	58	4	51	28	18	3	0	96.05	77.79	51
elviz-contigs-1056160.Acidovorax-1	k__Bacteria (UID203)	5449	104	58	9	55	27	11	2	0	95.94	61.13	55.56
elviz-contigs-1056241.Acidovorax-1	o__Burkholderiales (UID4105)	54	553	264	26	215	167	121	21	3	95.93	88.52	29.84
elviz-contigs-1056181.Gammaproteobacteria-1	f__Xanthomonadaceae (UID4214)	55	659	290	29	565	64	0	1	0	95.87	11.32	57.14
elviz-contigs-1056232.Methylophilus-1	c__Betaproteobacteria (UID3888)	323	387	234	13	364	9	1	0	0	95.83	2.83	25
elviz-contigs-1056130.Methylosarcina-1	c__Gammaproteobacteria (UID4274)	112	580	289	18	552	8	1	1	0	95.78	1.93	35.29
elviz-contigs-1056175.Burkholderiales-1	o__Burkholderiales (UID4000)	193	427	214	11	376	36	3	1	0	95.75	11.02	23.53
elviz-contigs-1056100.Methylophilus-2	c__Betaproteobacteria (UID3888)	323	387	234	32	351	4	0	0	0	95.74	0.69	25
elviz-contigs-1056154.Comamonadaceae-1	k__Bacteria (UID203)	5449	104	58	3	41	50	8	1	1	95.69	76.93	38.95
elviz-contigs-1056241.Curvibacter-1	o__Burkholderiales (UID4000)	193	425	212	17	369	38	1	0	0	95.67	9.65	43.9
elviz-contigs-1056247.Delftia-1	f__Comamonadaceae (UID4119)	39	693	323	37	622	32	2	0	0	95.65	5.06	73.68
elviz-contigs-1056226.Sphingobacteriales-1	p__Bacteroidetes (UID2591)	364	303	203	12	282	9	0	0	0	95.52	2.26	22.22
elviz-contigs-1056214.Curvibacter-1	o__Burkholderiales (UID4000)	193	425	212	19	370	35	1	0	0	95.5	8.68	55.26
elviz-contigs-1056250.Methylobacter-1	c__Gammaproteobacteria (UID4274)	112	580	289	74	500	6	0	0	0	95.39	1.58	16.67
elviz-contigs-1056247.Gammaproteobacteria-1	f__Xanthomonadaceae (UID4214)	55	659	290	37	598	23	1	0	0	95.37	4.16	7.69
elviz-contigs-1056247.Gammaproteobacteria-1	f__Xanthomonadaceae (UID4214)	55	659	290	37	598	23	1	0	0	95.37	4.16	7.69
elviz-contigs-1056262.Flavobacterium-1	f__Flavobacteriaceae (UID2817)	81	511	283	20	477	14	0	0	0	95.3	2.55	35.71
elviz-contigs-1056103.Methylophilus-1	c__Betaproteobacteria (UID3888)	323	387	234	29	148	139	61	9	1	94.99	83.83	88.6
elviz-contigs-1056079.Methylophilus-1	c__Betaproteobacteria (UID3888)	323	387	234	32	161	134	49	10	1	94.91	77.81	87.75
elviz-contigs-1056103.Comamonadaceae-1	k__Bacteria (UID203)	5449	104	58	3	62	34	4	1	0	94.83	35.84	40.38
elviz-contigs-1056226.Burkholderiales-1	k__Bacteria (UID203)	5449	104	58	3	45	50	6	0	0	94.83	55.22	55.88
elviz-contigs-1056250.Burkholderiales-1	k__Bacteria (UID203)	5449	104	58	3	75	24	1	1	0	94.83	16.49	36.36
elviz-contigs-1056127.Bacteroidetes-1	k__Bacteria (UID203)	5449	104	58	12	36	46	10	0	0	94.8	75.85	19.74
elviz-contigs-1056130.Methylophilus-1	c__Betaproteobacteria (UID3888)	323	387	234	36	341	10	0	0	0	94.8	1.87	60
elviz-contigs-1056274.Acidovorax-1	o__Burkholderiales (UID4105)	54	553	264	29	284	179	45	13	3	94.78	64.53	35.13
elviz-contigs-1056142.Sphingobacteriales-1	k__Bacteria (UID203)	5449	104	58	4	60	36	4	0	0	94.67	36.8	62.5
elviz-contigs-1056157.Comamonadaceae-1	k__Bacteria (UID203)	5449	104	58	4	52	38	10	0	0	94.67	56.7	63.24
elviz-contigs-1056133.Comamonadaceae-1	k__Bacteria (UID203)	5449	104	58	6	39	36	20	3	0	94.51	70.49	53.51
elviz-contigs-1056151.Methylosarcina-1	c__Gammaproteobacteria (UID4274)	112	580	289	24	521	34	0	1	0	94.42	6.61	40
elviz-contigs-1056244.Oxalobacteraceae-1	o__Burkholderiales (UID4002)	107	574	251	35	402	131	5	1	0	94.4	22.1	20.39
elviz-contigs-1056097.Methylophilus-1	c__Betaproteobacteria (UID3888)	323	387	234	46	337	4	0	0	0	94.37	0.69	25
elviz-contigs-1056097.Methylophilus-2	c__Betaproteobacteria (UID3888)	323	387	234	44	341	2	0	0	0	94.34	0.64	50
elviz-contigs-1056253.Methylotenera-1	c__Betaproteobacteria (UID3888)	323	387	234	19	347	21	0	0	0	94.32	5.58	57.14
elviz-contigs-1056100.Methylomonas-1	c__Gammaproteobacteria (UID4274)	112	579	290	31	528	17	3	0	0	94.09	3.98	65.38
elviz-contigs-1056121.Methylovulum-1	c__Gammaproteobacteria (UID4274)	112	580	289	36	519	24	1	0	0	94.09	5.21	18.52
elviz-contigs-1056247.Methylophilus-2	c__Betaproteobacteria (UID3888)	323	387	234	40	292	47	7	1	0	93.91	19.06	75.68
elviz-contigs-1056100.Burkholderiales-1	o__Burkholderiales (UID4000)	193	427	214	24	297	89	16	1	0	93.89	29.54	38.46
elviz-contigs-1056268.Comamonadaceae-1	o__Burkholderiales (UID4000)	193	427	214	26	338	62	1	0	0	93.77	15.29	29.23
elviz-contigs-1056220.Acidovorax-1	o__Burkholderiales (UID4105)	54	553	264	38	320	147	41	5	2	93.46	55.64	37.5
elviz-contigs-1056154.Methylophilus-1	c__Betaproteobacteria (UID3888)	323	387	234	59	239	70	19	0	0	93.2	32.16	91.34
elviz-contigs-1056109.Flavobacterium-1	f__Flavobacteriaceae (UID2817)	81	511	283	33	444	33	1	0	0	93.12	6.85	30.56
elviz-contigs-1056250.Methylotenera-1	k__Bacteria (UID203)	5449	104	58	5	43	49	7	0	0	93.1	61.35	60
elviz-contigs-1056145.Methylotenera-1	c__Betaproteobacteria (UID3888)	323	387	234	30	324	32	1	0	0	93.06	9.53	48.57
elviz-contigs-1056181.Methylobacter-2	c__Gammaproteobacteria (UID4274)	112	580	289	48	512	20	0	0	0	92.73	3.97	75
elviz-contigs-1056013.Gammaproteobacteria-1	f__Xanthomonadaceae (UID4214)	55	659	290	62	288	225	72	12	0	92.52	67.19	30.6
elviz-contigs-1056082.Methylosarcina-1	c__Gammaproteobacteria (UID4274)	112	580	289	34	503	34	8	1	0	92.48	10.96	54.69
elviz-contigs-1056073.Methylomonas-1	c__Gammaproteobacteria (UID4274)	112	579	290	37	463	76	3	0	0	92.4	14.88	41.18
elviz-contigs-1056187.Methylophilus-1	k__Bacteria (UID203)	5449	104	58	10	25	50	13	6	0	92.32	95.45	83.2
elviz-contigs-1056229.Methylotenera-1	k__Bacteria (UID203)	5449	104	58	10	49	33	11	1	0	92.32	57.62	76.39
elviz-contigs-1056028.Methylobacter-1	k__Bacteria (UID203)	5449	104	58	5	66	26	6	1	0	92.24	41.75	44
elviz-contigs-1056253.Methylobacter-2	c__Gammaproteobacteria (UID4274)	112	580	289	43	489	47	1	0	0	92.21	8.69	72
elviz-contigs-1056256.Methylotenera-1	c__Betaproteobacteria (UID3888)	323	387	234	26	338	22	1	0	0	92.18	7.6	52
elviz-contigs-1056187.Methylotenera-1	c__Betaproteobacteria (UID3888)	323	387	234	32	290	55	9	1	0	92.08	20.25	60.23
elviz-contigs-1056229.Methylobacter-2	c__Gammaproteobacteria (UID4274)	112	580	289	45	502	33	0	0	0	91.98	5.67	72.73
elviz-contigs-1056271.Methylophilus-1	k__Bacteria (UID203)	5449	104	58	13	12	70	6	2	1	91.82	97.38	86.36
elviz-contigs-1056265.Methylophilus-2	c__Betaproteobacteria (UID3888)	323	387	234	51	327	9	0	0	0	91.81	2.54	44.44
elviz-contigs-1056247.Flavobacterium-1	k__Bacteria (UID203)	5449	104	58	8	38	43	14	0	1	91.77	71.68	50.53
elviz-contigs-1056202.Sphingobacteriales-1	p__Bacteroidetes (UID2591)	364	303	203	23	278	2	0	0	0	91.63	0.99	0
elviz-contigs-1056202.Sphingobacteriales-1	p__Bacteroidetes (UID2591)	364	303	203	23	278	2	0	0	0	91.63	0.99	0
elviz-contigs-1056274.Sphingobacteriales-1	p__Bacteroidetes (UID2591)	364	303	203	23	271	9	0	0	0	91.63	3.94	11.11
elviz-contigs-1056142.Comamonadaceae-1	k__Bacteria (UID203)	5449	104	58	9	55	36	4	0	0	91.61	51.08	56.25
elviz-contigs-1056208.Methylobacter-1	c__Gammaproteobacteria (UID4274)	112	580	289	40	511	27	2	0	0	91.59	6.67	72.73
elviz-contigs-1056250.Sphingobacteriales-1	p__Bacteroidetes (UID2591)	364	303	203	24	277	2	0	0	0	91.46	0.99	0
elviz-contigs-1056250.Sphingobacteriales-1	p__Bacteroidetes (UID2591)	364	303	203	24	277	2	0	0	0	91.46	0.99	0
elviz-contigs-1056220.Comamonadaceae-1	k__Bacteria (UID203)	5449	104	58	5	63	29	6	1	0	91.38	39.11	35.85
elviz-contigs-1056097.Methylomonas-1	c__Gammaproteobacteria (UID4274)	112	579	290	40	518	20	1	0	0	91.36	5.13	52.17
elviz-contigs-1056202.Methylotenera-1	k__Bacteria (UID203)	5449	104	58	16	41	31	11	5	0	91.35	75.34	64.89
elviz-contigs-1056226.Methylobacter-1	c__Gammaproteobacteria (UID4274)	112	580	289	44	497	39	0	0	0	91.34	8.63	56.41
elviz-contigs-1056022.Gammaproteobacteria-1	c__Gammaproteobacteria (UID4202)	67	481	276	66	160	200	42	11	2	91.25	75.75	41.5
elviz-contigs-1056046.Gammaproteobacteria-1	f__Xanthomonadaceae (UID4214)	55	659	290	89	157	302	92	19	0	91.25	90.32	54.77
elviz-contigs-1056097.Burkholderiales-1	k__Bacteria (UID203)	5449	104	58	16	42	43	3	0	0	91.24	52.57	59.62
elviz-contigs-1056184.Methylobacter-1	c__Gammaproteobacteria (UID4274)	112	580	289	45	500	33	2	0	0	91.23	7.42	79.49
elviz-contigs-1056220.Methylotenera-1	c__Betaproteobacteria (UID3888)	323	387	234	41	187	133	25	1	0	91.09	54.13	81.31
elviz-contigs-1056019.Bacteriovorax-1	k__Bacteria (UID203)	5449	103	57	12	62	26	3	0	0	90.99	32.85	14.29
elviz-contigs-1056205.Methylobacter-2	c__Gammaproteobacteria (UID4274)	112	580	289	48	509	23	0	0	0	90.94	3.53	78.26
elviz-contigs-1056226.Comamonadaceae-1	k__Bacteria (UID203)	5449	104	58	9	54	38	3	0	0	90.91	45.63	53.19
elviz-contigs-1056166.Sphingobacteriales-1	p__Bacteroidetes (UID2591)	364	303	203	21	269	12	1	0	0	90.72	4.67	26.67
elviz-contigs-1056019.Flavobacterium-1	f__Flavobacteriaceae (UID2817)	81	511	283	76	170	158	69	28	10	90.68	93.48	32.83
elviz-contigs-1056172.Methylobacter-2	c__Gammaproteobacteria (UID4274)	112	580	289	47	497	35	1	0	0	90.51	7.46	73.68
elviz-contigs-1056262.Methylotenera-1	k__Bacteria (UID203)	5449	104	58	18	11	62	9	4	0	90.46	98.96	80.53
elviz-contigs-1056217.Methylotenera-1	k__Bacteria (UID203)	5449	104	58	14	41	29	16	3	1	90.45	89.88	65.71
elviz-contigs-1056106.Methylobacter-1	k__Bacteria (UID203)	5449	103	57	12	26	28	33	2	2	90.27	94.57	61.64
elviz-contigs-1056079.Methylotenera-1	k__Bacteria (UID203)	5449	104	58	12	48	36	7	1	0	90.25	49.98	58.73
elviz-contigs-1056154.Oxalobacteraceae-1	o__Burkholderiales (UID4002)	107	574	251	62	506	6	0	0	0	90.24	1.82	50
elviz-contigs-1056175.Methylophilus-1	k__Bacteria (UID203)	5449	104	58	14	42	32	13	3	0	90.13	73.17	78.65
elviz-contigs-1056013.Flavobacterium-1	f__Flavobacteriaceae (UID2817)	81	511	283	80	211	144	54	21	1	90.05	73	29.49
elviz-contigs-1056034.Methylobacter-1	k__Bacteria (UID203)	5449	103	57	7	43	34	14	5	0	90	87.45	39.62
elviz-contigs-1056196.Comamonadaceae-1	o__Burkholderiales (UID4000)	193	427	214	47	234	103	39	3	1	89.93	48.09	35.48
elviz-contigs-1056121.Burkholderiales-1	k__Bacteria (UID203)	5449	104	58	17	30	49	8	0	0	89.81	73.67	63.01
elviz-contigs-1056256.Methylobacter-1	c__Gammaproteobacteria (UID4274)	112	580	289	60	394	94	28	3	1	89.71	30.5	73.3
elviz-contigs-1056256.Methylobacter-2	c__Gammaproteobacteria (UID4274)	112	580	289	49	493	37	1	0	0	89.71	7.16	80
elviz-contigs-1056154.Flavobacterium-1	k__Bacteria (UID203)	5449	104	58	20	52	24	6	2	0	89.7	45.17	53.7
elviz-contigs-1056124.Methylosarcina-1	c__Gammaproteobacteria (UID4274)	112	580	289	48	515	16	0	1	0	89.65	2.66	36.36
elviz-contigs-1056163.Comamonadaceae-1	k__Bacteria (UID203)	5449	104	58	12	36	25	23	8	0	89.58	88.63	47.18
elviz-contigs-1056178.Methylophilus-1	k__Bacteria (UID203)	5449	104	58	14	42	33	13	2	0	89.42	72.34	82.14
elviz-contigs-1056091.Flavobacterium-1	k__Bacteria (UID203)	5449	104	58	10	60	33	1	0	0	89.34	31.77	50
elviz-contigs-1056088.Opitutae-1	k__Bacteria (UID2982)	88	230	148	20	180	27	3	0	0	89.3	13.57	25
elviz-contigs-1056079.Gammaproteobacteria-1	c__Gammaproteobacteria (UID4201)	1164	275	174	39	231	5	0	0	0	89.27	2.59	0
elviz-contigs-1056154.Gammaproteobacteria-1	c__Gammaproteobacteria (UID4201)	1164	275	174	39	232	4	0	0	0	89.27	2.3	0
elviz-contigs-1056079.Gammaproteobacteria-1	c__Gammaproteobacteria (UID4201)	1164	275	174	39	231	5	0	0	0	89.27	2.59	0
elviz-contigs-1056154.Gammaproteobacteria-1	c__Gammaproteobacteria (UID4201)	1164	275	174	39	232	4	0	0	0	89.27	2.3	0
elviz-contigs-1056232.Methylobacter-1	c__Gammaproteobacteria (UID4274)	112	580	289	50	487	40	3	0	0	88.93	8.55	73.47
elviz-contigs-1056169.Methylobacter-1	k__Bacteria (UID203)	5449	103	57	13	20	61	8	1	0	88.68	78.04	85.71
elviz-contigs-1056184.Methylobacter-2	c__Gammaproteobacteria (UID4274)	112	580	289	59	477	43	1	0	0	88.68	9.54	56.52
elviz-contigs-1056034.Bacteroidetes-1	p__Bacteroidetes (UID2605)	350	316	210	27	207	74	7	1	0	88.65	29.69	1.98
elviz-contigs-1056202.Pseudomonas-1	k__Bacteria (UID203)	5449	102	57	20	25	53	4	0	0	88.44	81.22	80
elviz-contigs-1056268.Acidovorax-1	o__Burkholderiales (UID4105)	54	553	264	87	183	155	89	35	4	88.4	81.88	57.59
elviz-contigs-1056253.Methylobacter-1	c__Gammaproteobacteria (UID4274)	112	580	289	67	393	98	20	2	0	88.39	28.4	73.53
elviz-contigs-1056181.Comamonadaceae-1	k__Bacteria (UID203)	5449	104	58	11	31	39	15	5	3	88.17	86.67	43.75
elviz-contigs-1056097.Methylophilaceae-1	k__Bacteria (UID203)	5449	104	58	12	49	36	6	1	0	88.01	50.55	45
elviz-contigs-1056271.Gammaproteobacteria-1	f__Xanthomonadaceae (UID4214)	55	659	290	69	553	37	0	0	0	87.93	6.48	24.32
elviz-contigs-1056250.Acidovorax-1	o__Burkholderiales (UID4105)	54	553	264	53	378	90	25	6	1	87.92	29.22	60.19
elviz-contigs-1056217.Acidovorax-1	o__Burkholderiales (UID4105)	54	553	264	75	248	162	52	14	2	87.57	63.17	50.59
elviz-contigs-1056226.Methylophilus-1	k__Bacteria (UID203)	5449	104	58	17	10	71	1	5	0	87.54	94.83	89.42
elviz-contigs-1056049.Methylobacter-1	k__Bacteria (UID203)	5449	103	57	16	38	30	12	6	1	87.35	80.95	56.25
elviz-contigs-1056151.Methylobacter-1	c__Gammaproteobacteria (UID4274)	112	580	289	63	499	17	1	0	0	87.09	4.67	75
elviz-contigs-1056187.Burkholderiales-1	o__Burkholderiales (UID4000)	193	427	214	44	325	58	0	0	0	86.72	14.59	25.86
elviz-contigs-1056268.Burkholderiales-1	o__Burkholderiales (UID4000)	193	427	214	54	311	58	4	0	0	86.37	15.93	28.57
elviz-contigs-1056016.Flavobacterium-1	f__Flavobacteriaceae (UID2817)	81	511	283	98	176	145	66	19	7	86.21	85.59	32.19
elviz-contigs-1056055.Methylobacter-1	k__Bacteria (UID203)	5449	103	57	12	47	36	7	0	1	86.2	54.26	35.82
elviz-contigs-1056070.Methylotenera-1	c__Betaproteobacteria (UID3888)	323	387	234	81	118	121	53	11	3	86.2	79.2	64.1
elviz-contigs-1056142.Opitutae-1	k__Bacteria (UID203)	5449	104	58	11	62	30	1	0	0	86.05	22.51	27.27
elviz-contigs-1056073.Methylophilus-1	c__Betaproteobacteria (UID3888)	323	387	234	61	315	11	0	0	0	85.95	2.37	90.91
elviz-contigs-1056073.Burkholderiales-1	o__Burkholderiales (UID4000)	193	427	214	62	346	19	0	0	0	85.94	4.02	36.84
elviz-contigs-1056136.Comamonadaceae-1	o__Burkholderiales (UID4000)	193	427	214	67	221	91	36	8	4	85.83	54.57	35.54
elviz-contigs-1056082.Methylobacter-1	k__Bacteria (UID203)	5449	103	57	14	28	32	16	10	3	85.75	95.59	48.07
elviz-contigs-1056241.Methylotenera-1	c__Betaproteobacteria (UID3888)	323	387	234	70	223	86	8	0	0	85.38	28.22	85.45
elviz-contigs-1056088.Methylobacter-1	k__Bacteria (UID203)	5449	103	57	18	46	21	13	4	1	85.34	53.59	75.53
elviz-contigs-1056061.Flavobacterium-1	f__Flavobacteriaceae (UID2817)	81	511	283	73	275	144	18	1	0	85.31	37.56	18.63
elviz-contigs-1056148.Methylobacter-1	k__Bacteria (UID203)	5449	103	57	18	40	15	27	2	1	85.18	67.78	85.59
elviz-contigs-1056148.Bacteroidetes-1	k__Bacteria (UID203)	5449	104	58	24	43	20	14	3	0	85.02	63.09	35
elviz-contigs-1056271.Delftia-1	f__Comamonadaceae (UID4119)	39	693	323	104	549	39	1	0	0	84.77	5.71	35.71
elviz-contigs-1056130.Burkholderiales-1	k__Bacteria (UID203)	5449	104	58	13	50	34	7	0	0	84.72	46.65	27.27
elviz-contigs-1056157.Bacteriovorax-1	k__Bacteria (UID3187)	2258	182	112	20	159	3	0	0	0	84.67	0.18	33.33
elviz-contigs-1056199.Methylophilus-1	k__Bacteria (UID203)	5449	104	58	22	16	61	3	2	0	84.45	78.31	85.37
elviz-contigs-1056193.Oxalobacteraceae-1	o__Burkholderiales (UID4002)	107	574	251	64	504	4	2	0	0	84.44	1.47	10
elviz-contigs-1056070.Gammaproteobacteria-1	f__Xanthomonadaceae (UID4214)	55	659	290	109	472	77	0	1	0	84.29	13.48	46.99
elviz-contigs-1056133.Flavobacterium-1	f__Flavobacteriaceae (UID2817)	81	511	283	79	386	44	1	1	0	84.27	10.47	32.08
elviz-contigs-1056106.Comamonadaceae-1	k__Bacteria (UID203)	5449	104	58	16	49	31	8	0	0	83.86	39.83	60
elviz-contigs-1056148.Methylotenera-1	c__Betaproteobacteria (UID3888)	323	387	234	79	155	138	15	0	0	83.75	51.47	85.25
elviz-contigs-1056226.Acidovorax-1	k__Bacteria (UID203)	5449	104	58	18	41	32	13	0	0	83.71	54.27	77.46
elviz-contigs-1056205.Methylobacter-1	c__Gammaproteobacteria (UID4274)	112	580	289	98	351	111	20	0	0	83.24	27.63	78.95
elviz-contigs-1056214.Burkholderiales-1	k__Bacteria (UID203)	5449	104	58	15	58	27	3	1	0	83.15	28.51	28.57
elviz-contigs-1056181.Methylobacter-1	c__Gammaproteobacteria (UID4274)	112	580	289	104	403	67	6	0	0	83.09	14.98	77.65
elviz-contigs-1056172.Burkholderiales-1	k__Bacteria (UID203)	5449	104	58	16	45	41	2	0	0	82.84	39.88	25.53
elviz-contigs-1056178.Methylotenera-1	c__Betaproteobacteria (UID3888)	323	387	234	58	282	42	4	1	0	82.78	16.32	55
elviz-contigs-1056148.Comamonadaceae-1	k__Bacteria (UID203)	5449	104	58	14	41	22	21	4	2	82.73	61.39	48.06
elviz-contigs-1056046.Methylobacter-1	k__Bacteria (UID203)	5449	103	57	16	39	25	12	6	5	82.66	90.06	41.4
elviz-contigs-1056106.Methylotenera-1	c__Betaproteobacteria (UID3888)	323	387	234	90	109	110	49	22	7	82.39	92.91	78.16
elviz-contigs-1056121.Methylosarcina-1	c__Gammaproteobacteria (UID4274)	112	580	289	116	327	128	9	0	0	82.34	29.41	52.26
elviz-contigs-1056169.Acidovorax-1	o__Burkholderiales (UID4105)	54	553	264	102	184	146	83	27	11	82.23	84.23	34.78
elviz-contigs-1056148.Methylosarcina-1	c__Gammaproteobacteria (UID4274)	112	580	289	82	475	23	0	0	0	82.12	4.53	39.13
elviz-contigs-1056259.Methylobacter-1	k__Bacteria (UID203)	5449	103	57	18	27	48	3	7	0	82.03	63.6	93.94
elviz-contigs-1056256.Acidovorax-1	k__Bacteria (UID203)	5449	104	58	18	45	29	10	2	0	81.97	47.27	43.66
elviz-contigs-1056157.Acidovorax-1	k__Bacteria (UID203)	5449	104	58	17	34	41	8	4	0	81.94	74.37	65.17
elviz-contigs-1056271.Comamonadaceae-1	k__Bacteria (UID203)	5449	104	58	12	32	39	18	1	2	81.74	64.99	63.03
elviz-contigs-1056049.Methylotenera-1	c__Betaproteobacteria (UID3888)	323	387	234	91	130	104	35	20	7	81.7	80.01	31.88
elviz-contigs-1056133.Bacteriovorax-1	k__Bacteria (UID3187)	2258	182	112	23	153	6	0	0	0	81.67	2.78	16.67
elviz-contigs-1056049.Methylophilus-1	k__Bacteria (UID203)	5449	104	58	29	27	45	3	0	0	81.6	62.83	90.74
elviz-contigs-1056190.Methylophilus-1	k__Bacteria (UID203)	5449	104	58	25	21	55	1	2	0	81.55	78.22	84.29
elviz-contigs-1056091.Comamonadaceae-1	k__Bacteria (UID203)	5449	104	58	26	38	28	11	0	1	81.43	57.59	78.87
elviz-contigs-1056079.Oxalobacteraceae-1	o__Burkholderiales (UID4002)	107	574	251	99	472	3	0	0	0	81.41	0.82	33.33
elviz-contigs-1056175.Methylotenera-1	c__Betaproteobacteria (UID3888)	323	387	234	62	274	49	2	0	0	81.32	14.16	47.27
elviz-contigs-1056214.Flavobacterium-1	f__Flavobacteriaceae (UID2817)	81	511	283	92	261	135	18	2	3	81.28	38.28	26.86
elviz-contigs-1056034.Rheinheimera-1	c__Gammaproteobacteria (UID4761)	52	693	297	125	536	31	1	0	0	81.22	4.72	58.82
elviz-contigs-1056256.Comamonadaceae-1	k__Bacteria (UID203)	5449	104	58	17	33	34	13	4	3	81.11	73.37	63.77
elviz-contigs-1056124.Methylotenera-1	c__Betaproteobacteria (UID3888)	323	387	234	75	201	87	19	4	1	81.01	39.8	44.94
elviz-contigs-1056172.Bacteroidetes-1	p__Bacteroidetes (UID2605)	350	316	210	72	229	14	1	0	0	80.82	5.89	52.94
elviz-contigs-1056115.Comamonadaceae-1	k__Bacteria (UID203)	5449	104	58	25	42	30	7	0	0	80.75	46.19	66.67
elviz-contigs-1056127.Myxococcales-1	c__Deltaproteobacteria (UID3216)	83	247	155	50	197	0	0	0	0	80.65	0	0
elviz-contigs-1056127.Myxococcales-1	c__Deltaproteobacteria (UID3216)	83	247	155	50	197	0	0	0	0	80.65	0	0
elviz-contigs-1056067.Opitutae-1	k__Bacteria (UID203)	5449	101	57	13	27	53	7	1	0	80.54	61.56	52.5
elviz-contigs-1056022.Bacteriovorax-1	k__Bacteria (UID3187)	2258	182	112	25	155	2	0	0	0	80.51	0.1	50
elviz-contigs-1056076.Methylosarcina-1	c__Gammaproteobacteria (UID4274)	112	580	289	87	475	17	0	1	0	80.5	3.57	34.78
elviz-contigs-1056193.Acidovorax-1	k__Bacteria (UID203)	5449	104	58	24	33	32	15	0	0	80.5	68.63	63.64
elviz-contigs-1056214.Gammaproteobacteria-1	f__Xanthomonadaceae (UID4214)	55	659	290	128	501	29	1	0	0	80.2	5.06	0
elviz-contigs-1056214.Gammaproteobacteria-1	f__Xanthomonadaceae (UID4214)	55	659	290	128	501	29	1	0	0	80.2	5.06	0
elviz-contigs-1056022.Opitutae-1	k__Bacteria (UID2982)	88	230	148	42	180	8	0	0	0	79.96	2.47	37.5
elviz-contigs-1056190.Flavobacterium-1	f__Flavobacteriaceae (UID2817)	81	511	283	111	203	143	45	7	2	79.93	60.13	39.07
elviz-contigs-1056055.Bacteriovorax-1	k__Bacteria (UID3187)	2258	182	112	26	148	8	0	0	0	79.86	3.34	12.5
elviz-contigs-1056193.Comamonadaceae-1	k__Bacteria (UID203)	5449	104	58	15	34	34	15	6	0	79.7	74.64	46.96
elviz-contigs-1056064.Methylobacter-1	k__Bacteria (UID203)	5449	103	57	21	34	22	12	10	4	79.55	88.95	66.26
elviz-contigs-1056070.Comamonadaceae-1	k__Bacteria (UID203)	5449	104	58	19	36	32	16	1	0	79.23	61.87	59.3
elviz-contigs-1056241.Sphingobacteriales-1	k__Bacteria (UID203)	5449	104	58	20	58	26	0	0	0	79.23	24.17	23.08
elviz-contigs-1056130.Methylotenera-1	k__Bacteria (UID203)	5449	104	58	34	25	37	7	1	0	79.15	71.84	82.81
elviz-contigs-1056247.Methylophilus-1	c__Betaproteobacteria (UID3888)	323	387	234	91	273	23	0	0	0	78.56	6.33	69.57
elviz-contigs-1056178.Methylobacter-1	k__Bacteria (UID203)	5449	103	57	20	23	51	5	4	0	78.52	64.32	94.44
elviz-contigs-1056034.Fluviicola-1	k__Bacteria (UID2569)	434	277	185	57	209	11	0	0	0	78.31	2.83	36.36
elviz-contigs-1056262.Burkholderiales-1	k__Bacteria (UID203)	5449	104	58	22	36	36	9	1	0	78.21	59	43.48
elviz-contigs-1056040.Methylobacter-1	k__Bacteria (UID203)	5449	103	57	29	34	20	10	8	2	77.93	75.83	49.59
elviz-contigs-1056235.Methylophilus-1	c__Betaproteobacteria (UID3888)	323	387	234	84	280	23	0	0	0	77.93	6.59	17.39
elviz-contigs-1056103.Methylotenera-1	k__Bacteria (UID203)	5449	104	58	18	40	38	8	0	0	77.92	47.63	54.84
elviz-contigs-1056175.Methylobacter-1	k__Bacteria (UID203)	5449	103	57	20	26	48	5	4	0	77.64	59.93	93.1
elviz-contigs-1056055.Bacteroidetes-1	p__Bacteroidetes (UID2605)	350	316	210	65	246	5	0	0	0	77.59	1.59	0
elviz-contigs-1056055.Bacteroidetes-1	p__Bacteroidetes (UID2605)	350	316	210	65	246	5	0	0	0	77.59	1.59	0
elviz-contigs-1056064.Opitutae-1	k__Bacteria (UID203)	5449	104	58	17	68	16	3	0	0	77.59	13.1	52
elviz-contigs-1056271.Burkholderiales-1	k__Bacteria (UID203)	5449	104	58	14	50	31	5	3	1	77.59	45.69	48.65
elviz-contigs-1056016.Gammaproteobacteria-1	k__Bacteria (UID203)	5449	104	58	28	41	30	4	1	0	77.46	39.67	25
elviz-contigs-1056163.Methylobacter-1	k__Bacteria (UID203)	5449	103	57	21	50	27	2	3	0	77.41	28.16	72.55
elviz-contigs-1056034.Bacteriovorax-1	k__Bacteria (UID203)	5449	103	57	20	40	32	10	1	0	77.27	52.01	19.12
elviz-contigs-1056085.Acidovorax-1	o__Burkholderiales (UID4105)	54	553	264	132	318	88	13	2	0	76.97	23.88	35.97
elviz-contigs-1056124.Burkholderiales-1	k__Bacteria (UID203)	5449	104	58	23	40	33	7	1	0	76.59	54.64	60
elviz-contigs-1056166.Acidovorax-1	o__Burkholderiales (UID4105)	54	553	264	123	308	95	22	5	0	76.47	31.02	52.88
elviz-contigs-1056040.Methylomonas-1	c__Gammaproteobacteria (UID4274)	112	579	290	138	415	26	0	0	0	76.36	5.45	15.38
elviz-contigs-1056091.Opitutae-1	k__Bacteria (UID2982)	88	230	148	43	176	11	0	0	0	76.12	5.5	0
elviz-contigs-1056091.Opitutae-1	k__Bacteria (UID2982)	88	230	148	43	176	11	0	0	0	76.12	5.5	0
elviz-contigs-1056022.Methylobacter-1	k__Bacteria (UID203)	5449	103	57	27	33	17	11	7	8	75.9	95.08	46.01
elviz-contigs-1056073.Methylobacter-1	k__Bacteria (UID203)	5449	103	57	24	31	28	15	3	2	75.76	73.73	50
elviz-contigs-1056271.Flavobacterium-1	f__Flavobacteriaceae (UID2817)	81	511	283	116	234	127	30	4	0	75.69	38.69	26.56
elviz-contigs-1056217.Methylophilus-1	k__Bacteria (UID203)	5449	104	58	35	13	54	1	1	0	75.56	71.18	85.71
elviz-contigs-1056037.Methylobacter-1	k__Bacteria (UID203)	5449	103	57	20	23	32	21	4	3	75.49	98.25	44.16
elviz-contigs-1056121.Methylophilaceae-1	k__Bacteria (UID203)	5449	104	58	24	46	32	2	0	0	75.42	33.93	36.84
elviz-contigs-1056205.Comamonadaceae-1	k__Bacteria (UID203)	5449	104	58	17	34	31	20	2	0	75.39	60.38	52.43
elviz-contigs-1056187.Methylobacter-1	k__Bacteria (UID203)	5449	103	57	21	25	44	8	5	0	75.36	70.01	90.82
elviz-contigs-1056088.Sphingobacteriales-1	k__Bacteria (UID203)	5449	104	58	25	52	27	0	0	0	75.32	22.47	70.37
elviz-contigs-1056073.Methylophilaceae-1	c__Betaproteobacteria (UID3888)	323	387	234	105	118	115	40	8	1	75.3	59.8	69.28
elviz-contigs-1056220.Methylophilus-1	k__Bacteria (UID203)	5449	104	58	37	13	51	1	2	0	75.22	73.93	87.88
elviz-contigs-1056139.Methylobacter-1	k__Bacteria (UID203)	5449	103	57	30	37	24	10	1	1	75.16	53.43	85.71
elviz-contigs-1056043.Methylobacter-1	k__Bacteria (UID203)	5449	103	57	25	37	24	7	5	5	75.14	85.34	60
elviz-contigs-1056076.Methylotenera-1	k__Bacteria (UID203)	5449	104	58	44	22	20	15	3	0	75.05	86.52	79.52
elviz-contigs-1056244.Flavobacterium-1	f__Flavobacteriaceae (UID2817)	81	511	283	123	357	29	1	1	0	74.63	6.24	42.11
elviz-contigs-1056268.Methylophilaceae-1	c__Betaproteobacteria (UID3888)	323	387	234	107	227	45	8	0	0	74.47	19.77	23.19
elviz-contigs-1056160.Comamonadaceae-1	k__Bacteria (UID203)	5449	104	58	26	40	29	6	2	1	74.45	43.45	71.01
elviz-contigs-1056238.Burkholderiales-1	o__Burkholderiales (UID4000)	193	427	214	105	204	104	11	3	0	74.4	33.02	51.61
elviz-contigs-1056109.Acidovorax-1	o__Burkholderiales (UID4105)	54	553	264	122	313	101	11	5	1	74.36	23.43	35.06
elviz-contigs-1056109.Rhodocyclales-1	f__Rhodocyclaceae (UID3972)	30	540	241	105	396	37	2	0	0	74.33	7.22	67.44
elviz-contigs-1056064.Methylotenera-1	k__Bacteria (UID203)	5449	104	58	42	25	21	10	5	1	74.25	78.29	63.74
elviz-contigs-1056265.Methylotenera-1	c__Betaproteobacteria (UID3888)	323	387	234	102	256	28	1	0	0	74.18	8.19	35.48
elviz-contigs-1056073.Methylophilus-2	c__Betaproteobacteria (UID3888)	323	387	234	120	201	61	5	0	0	74.14	21.28	48.68
elviz-contigs-1056124.Flectobacillus-1	o__Cytophagales (UID2937)	44	474	330	118	339	17	0	0	0	74.08	3.04	5.88
elviz-contigs-1056124.Flectobacillus-1	o__Cytophagales (UID2937)	44	474	330	118	339	17	0	0	0	74.08	3.04	5.88
elviz-contigs-1056229.Comamonadaceae-1	k__Bacteria (UID203)	5449	104	58	21	35	27	16	3	2	74.06	53.06	49.15
elviz-contigs-1056043.Opitutae-1	k__Bacteria (UID2982)	88	230	148	55	159	16	0	0	0	73.88	4.2	56.25
elviz-contigs-1056199.Acidovorax-1	k__Bacteria (UID203)	5449	104	58	33	28	21	13	7	2	73.84	86.23	75.41
elviz-contigs-1056121.Methylococcaceae-1	c__Gammaproteobacteria (UID4274)	112	580	289	147	326	91	13	3	0	73.75	19.26	26.35
elviz-contigs-1056211.Burkholderiales-1	o__Burkholderiales (UID4000)	193	427	214	104	272	47	4	0	0	73.62	15.01	27.12
elviz-contigs-1056067.Methylotenera-1	k__Bacteria (UID203)	5449	104	58	48	29	20	5	1	1	73.57	51.49	64.71
elviz-contigs-1056253.Comamonadaceae-1	k__Bacteria (UID203)	5449	104	58	27	30	31	12	4	0	73.57	58.66	65.93
elviz-contigs-1056103.Methylobacter-1	k__Bacteria (UID203)	5449	103	57	25	25	19	27	3	4	73.55	90.07	92.64
elviz-contigs-1056133.Acidovorax-1	o__Burkholderiales (UID4105)	54	553	264	145	202	140	46	17	3	73.46	56.88	43.9
elviz-contigs-1056241.Bosea-1	o__Rhizobiales (UID3654)	92	481	319	129	332	20	0	0	0	73.13	3.22	10
elviz-contigs-1056094.Opitutae-1	k__Bacteria (UID2982)	88	230	148	52	163	14	1	0	0	73.04	6.42	29.41
elviz-contigs-1056091.Methylobacter-1	k__Bacteria (UID203)	5449	103	57	29	29	20	14	7	4	72.91	92.8	53.47
elviz-contigs-1056070.Methylobacter-1	k__Bacteria (UID203)	5449	103	57	25	41	23	8	5	1	72.9	63.59	65.22
elviz-contigs-1056043.Bacteriovorax-1	k__Bacteria (UID203)	5449	103	57	22	38	37	5	1	0	72.89	40.17	6.9
elviz-contigs-1056163.Burkholderiales-1	o__Burkholderiales (UID4000)	193	427	214	99	285	40	1	2	0	72.85	13.19	36.36
elviz-contigs-1056127.Acidovorax-1	o__Burkholderiales (UID4105)	54	553	264	152	234	120	35	9	3	72.79	45.65	28.8
elviz-contigs-1056058.Comamonadaceae-1	k__Bacteria (UID203)	5449	104	58	26	45	27	4	2	0	72.75	29.37	62.75
elviz-contigs-1056199.Delftia-1	f__Comamonadaceae (UID4119)	39	693	323	188	472	33	0	0	0	72.74	5.87	45.45
elviz-contigs-1056211.Methylobacter-2	c__Gammaproteobacteria (UID4274)	112	580	289	148	368	62	2	0	0	72.65	12.54	76.47
elviz-contigs-1056043.Gammaproteobacteria-1	k__Bacteria (UID203)	5449	104	58	47	26	30	1	0	0	72.6	45.61	78.79
elviz-contigs-1056052.Fluviicola-1	k__Bacteria (UID2569)	434	277	185	68	203	6	0	0	0	72.59	1.5	16.67
elviz-contigs-1056241.Bacteriovorax-1	k__Bacteria (UID3187)	2258	182	112	34	146	2	0	0	0	72.47	1.34	50
elviz-contigs-1056109.Comamonadaceae-1	k__Bacteria (UID203)	5449	104	58	20	52	27	5	0	0	72.26	30.6	73.81
elviz-contigs-1056112.Opitutae-1	k__Bacteria (UID2982)	88	230	148	53	143	31	3	0	0	71.96	17.25	40
elviz-contigs-1056151.Comamonadaceae-1	k__Bacteria (UID203)	5449	104	58	26	54	21	3	0	0	71.89	15.16	46.67
elviz-contigs-1056208.Comamonadaceae-1	k__Bacteria (UID203)	5449	104	58	21	44	27	10	2	0	71.79	33.85	53.62
elviz-contigs-1056253.Acidovorax-1	k__Bacteria (UID203)	5449	104	58	22	43	29	8	2	0	71.76	45.65	60
elviz-contigs-1056019.Gammaproteobacteria-1	k__Bacteria (UID203)	5449	104	58	30	50	20	3	1	0	71.73	21.5	17.14
elviz-contigs-1056268.Rhodocyclales-1	f__Rhodocyclaceae (UID3972)	30	540	241	133	386	21	0	0	0	71.64	4.15	23.81
elviz-contigs-1056229.Acidovorax-1	o__Burkholderiales (UID4105)	54	553	264	169	193	129	53	8	1	71.5	52.32	34.68
elviz-contigs-1056145.Fluviicola-1	k__Bacteria (UID2569)	434	277	185	65	201	11	0	0	0	71.41	2.82	9.09
elviz-contigs-1056145.Fluviicola-1	k__Bacteria (UID2569)	434	277	185	65	201	11	0	0	0	71.41	2.82	9.09
elviz-contigs-1056067.Methylobacter-1	c__Gammaproteobacteria (UID4274)	112	580	289	168	178	131	58	21	24	71.31	75.64	46.84
elviz-contigs-1056064.Bacteriovorax-1	k__Bacteria (UID203)	5449	103	57	23	43	32	5	0	0	71.29	36.49	4.26
elviz-contigs-1056217.Bosea-1	o__Rhizobiales (UID3654)	92	481	319	129	289	56	7	0	0	71.06	16.49	62.34
elviz-contigs-1056190.Emticicia-1	o__Cytophagales (UID2936)	47	454	336	119	320	14	1	0	0	70.86	3.72	5.88
elviz-contigs-1056190.Emticicia-1	o__Cytophagales (UID2936)	47	454	336	119	320	14	1	0	0	70.86	3.72	5.88
elviz-contigs-1056085.Comamonadaceae-1	o__Burkholderiales (UID4000)	193	427	214	118	180	107	21	1	0	70.39	33.61	43.75
elviz-contigs-1056169.Gammaproteobacteria-1	k__Bacteria (UID203)	5449	104	58	34	31	34	4	1	0	70.38	52.64	76.92
elviz-contigs-1056250.Herbaspirillum-1	o__Burkholderiales (UID4002)	107	574	251	175	387	12	0	0	0	70.34	2.44	25
elviz-contigs-1056235.Methylotenera-1	c__Betaproteobacteria (UID3888)	323	387	234	108	175	76	26	2	0	70.3	38.34	77.11
elviz-contigs-1056100.Methylosarcina-1	c__Gammaproteobacteria (UID4274)	112	580	289	147	380	47	6	0	0	70.25	12.1	40
elviz-contigs-1056055.Methylosarcina-1	c__Gammaproteobacteria (UID4274)	112	580	289	168	279	117	12	4	0	70.16	26.95	59.32
elviz-contigs-1056127.Methylobacter-1	k__Bacteria (UID203)	5449	103	57	30	25	34	12	1	1	69.98	58.28	68.6
elviz-contigs-1056019.Dechloromonas-1	c__Betaproteobacteria (UID3971)	223	425	211	118	267	38	2	0	0	69.8	10.58	52.27
elviz-contigs-1056076.Acidovorax-1	k__Bacteria (UID203)	5449	104	58	45	19	23	9	8	0	69.68	86.55	60.2
elviz-contigs-1056154.Burkholderiales-1	o__Burkholderiales (UID4000)	193	427	214	123	255	44	5	0	0	69.57	11.72	10.17
elviz-contigs-1056046.Opitutae-1	k__Bacteria (UID2982)	88	230	148	60	165	5	0	0	0	69.55	2.7	20
elviz-contigs-1056055.Comamonadaceae-1	k__Bacteria (UID203)	5449	104	58	34	28	28	12	2	0	69.51	56.76	61.84
elviz-contigs-1056025.Bacteroidetes-1	p__Bacteroidetes (UID2605)	350	316	210	98	137	73	8	0	0	69.38	32.1	9.28
elviz-contigs-1056265.Methylophilus-1	k__Bacteria (UID203)	5449	104	58	53	49	2	0	0	0	69.36	1.88	0
elviz-contigs-1056265.Methylophilus-1	k__Bacteria (UID203)	5449	104	58	53	49	2	0	0	0	69.36	1.88	0
elviz-contigs-1056121.Comamonadaceae-2	k__Bacteria (UID203)	5449	104	58	27	43	29	5	0	0	69.25	32.41	68.18
elviz-contigs-1056145.Emticicia-1	o__Cytophagales (UID2936)	47	454	336	124	259	65	6	0	0	69.18	17.63	19.28
elviz-contigs-1056112.Bacteriovorax-1	k__Bacteria (UID3187)	2258	182	112	46	126	9	1	0	0	68.98	4.67	33.33
elviz-contigs-1056091.Sphingobacteriales-1	p__Bacteroidetes (UID2591)	364	303	203	83	171	44	5	0	0	68.86	12.77	27.12
elviz-contigs-1056184.Comamonadaceae-1	k__Bacteria (UID203)	5449	104	58	22	22	30	21	8	1	68.81	78.29	47.02
elviz-contigs-1056157.Flavobacterium-1	f__Flavobacteriaceae (UID2817)	81	511	283	157	318	33	3	0	0	68.72	9.06	14.29
elviz-contigs-1056223.Burkholderiales-1	k__Bacteria (UID203)	5449	104	58	22	39	34	9	0	0	68.65	38.7	73.77
elviz-contigs-1056247.Burkholderiales-1	k__Bacteria (UID203)	5449	104	58	27	48	23	6	0	0	68.31	30.4	60.98
elviz-contigs-1056064.Comamonadaceae-1	k__Bacteria (UID203)	5449	104	58	30	42	25	4	3	0	68.26	35.82	41.82
elviz-contigs-1056154.Methylobacter-1	k__Bacteria (UID203)	5449	103	57	29	36	22	15	0	1	68.23	42.12	59.74
elviz-contigs-1056109.Bacteriovorax-1	k__Bacteria (UID3187)	2258	182	112	43	117	16	4	2	0	68.17	18.28	60
elviz-contigs-1056115.Methylobacter-1	k__Bacteria (UID203)	5449	103	57	30	30	32	6	4	1	68.1	57.63	78.57
elviz-contigs-1056040.Gammaproteobacteria-1	k__Bacteria (UID203)	5449	104	58	52	17	26	8	1	0	67.95	66.12	87.5
elviz-contigs-1056064.Gammaproteobacteria-1	f__Xanthomonadaceae (UID4214)	55	659	290	219	386	54	0	0	0	67.8	7.09	38.89
elviz-contigs-1056016.Methylotenera-1	k__Bacteria (UID203)	5449	104	58	46	29	16	6	6	1	67.7	62.23	48.75
elviz-contigs-1056118.Bacteriovorax-1	k__Bacteria (UID3187)	2258	182	112	43	121	16	2	0	0	67.56	10.13	18.18
elviz-contigs-1056040.Bacteroidetes-1	p__Bacteroidetes (UID2605)	350	316	210	108	199	9	0	0	0	67.47	2.21	22.22
elviz-contigs-1056025.Comamonadaceae-1	o__Burkholderiales (UID4000)	193	427	214	147	251	26	3	0	0	67.38	8.1	48.57
elviz-contigs-1056085.Methylobacter-1	k__Bacteria (UID203)	5449	103	57	38	31	17	12	4	1	67.37	55.33	71.26
elviz-contigs-1056202.Methylobacter-1	c__Gammaproteobacteria (UID4274)	112	580	289	182	221	118	44	10	5	67.14	51.7	72.43
elviz-contigs-1056175.Gammaproteobacteria-2	c__Gammaproteobacteria (UID4201)	1164	275	174	76	194	5	0	0	0	67.13	1.61	40
elviz-contigs-1056223.Acidovorax-1	o__Burkholderiales (UID4105)	54	553	264	177	228	90	43	11	4	66.99	43.64	50
elviz-contigs-1056229.Methylobacter-1	k__Bacteria (UID203)	5449	103	57	29	27	39	7	1	0	66.76	53.07	90.91
elviz-contigs-1056274.Comamonadaceae-1	k__Bacteria (UID203)	5449	104	58	30	56	15	3	0	0	66.69	13.34	41.67
elviz-contigs-1056025.Rheinheimera-1	c__Gammaproteobacteria (UID4761)	52	693	297	240	365	84	4	0	0	66.66	15.49	86.46
elviz-contigs-1056166.Opitutae-1	k__Bacteria (UID2982)	88	230	148	68	143	19	0	0	0	66.58	6.78	15.79
elviz-contigs-1056166.Herbaspirillum-1	o__Burkholderiales (UID4002)	107	574	251	172	383	19	0	0	0	66.53	4.37	78.95
elviz-contigs-1056172.Comamonadaceae-1	k__Bacteria (UID203)	5449	104	58	25	50	24	4	1	0	66.43	29.45	45.24
elviz-contigs-1056082.Flavobacterium-1	f__Flavobacteriaceae (UID2817)	81	511	283	155	318	37	0	1	0	66.3	7.95	11.63
elviz-contigs-1056112.Comamonadaceae-1	o__Burkholderiales (UID4000)	193	427	214	146	209	59	12	1	0	66.09	19.53	41.58
elviz-contigs-1056241.Methylophilus-1	k__Bacteria (UID203)	5449	104	58	54	2	45	1	2	0	66.07	71.24	86.67
elviz-contigs-1056016.Comamonadaceae-1	o__Burkholderiales (UID4000)	193	427	214	138	168	95	23	3	0	65.92	31.23	19.23
elviz-contigs-1056127.Methylotenera-1	k__Bacteria (UID203)	5449	104	58	47	33	22	2	0	0	65.85	38.28	71.43
elviz-contigs-1056160.Bacteriovorax-1	k__Bacteria (UID3187)	2258	182	112	44	126	10	2	0	0	65.82	6.63	56.25
elviz-contigs-1056247.Comamonadaceae-1	k__Bacteria (UID203)	5449	104	58	29	43	25	5	2	0	65.77	40.24	69.23
elviz-contigs-1056238.Methylobacter-1	k__Bacteria (UID203)	5449	103	57	32	14	53	1	3	0	65.57	53.47	87.84
elviz-contigs-1056235.Methylobacter-2	c__Gammaproteobacteria (UID4274)	112	580	289	187	333	59	1	0	0	65.51	11.73	69.35
elviz-contigs-1056076.Comamonadaceae-1	k__Bacteria (UID203)	5449	104	58	26	29	33	16	0	0	65.41	40.96	60.49
elviz-contigs-1056067.Gammaproteobacteria-1	f__Xanthomonadaceae (UID4214)	55	659	290	236	398	24	1	0	0	65.38	4.89	40.74
elviz-contigs-1056040.Opitutae-1	k__Bacteria (UID2982)	88	230	148	67	126	36	1	0	0	65.27	13.71	43.59
elviz-contigs-1056205.Burkholderiales-1	k__Bacteria (UID203)	5449	104	58	34	42	27	1	0	0	65.17	29.35	36.67
elviz-contigs-1056055.Acidovorax-1	o__Burkholderiales (UID4105)	54	553	264	201	157	122	49	17	7	65	59.89	35.6
elviz-contigs-1056076.Burkholderiales-1	o__Burkholderiales (UID4000)	193	427	214	143	227	53	2	2	0	65	15.41	38.03
elviz-contigs-1056124.Comamonadaceae-1	k__Bacteria (UID203)	5449	104	58	26	38	28	11	1	0	64.89	30.74	52.24
elviz-contigs-1056058.Flavobacterium-1	f__Flavobacteriaceae (UID2817)	81	511	283	174	270	58	8	0	1	64.85	14.5	28.87
elviz-contigs-1056031.Rheinheimera-1	c__Gammaproteobacteria (UID4761)	52	693	297	229	435	28	1	0	0	64.75	4.61	51.61
elviz-contigs-1056151.Flavobacterium-1	f__Flavobacteriaceae (UID2817)	81	511	283	179	281	47	4	0	0	64.63	11.63	15.25
elviz-contigs-1056184.Acidovorax-1	o__Burkholderiales (UID4105)	54	553	264	203	212	106	22	9	1	64.59	36.15	39.83
elviz-contigs-1056013.Methylotenera-1	k__Bacteria (UID203)	5449	104	58	53	25	15	4	3	4	64.4	60.97	54.17
elviz-contigs-1056028.Comamonadaceae-1	k__Bacteria (UID203)	5449	104	58	27	39	26	10	1	1	64.36	36.09	59.72
elviz-contigs-1056244.Methylobacter-1	c__Gammaproteobacteria (UID4274)	112	580	289	193	284	74	21	6	2	64.32	29.24	70.47
elviz-contigs-1056199.Methylobacter-1	c__Gammaproteobacteria (UID4274)	112	580	289	190	356	34	0	0	0	63.82	5.41	58.82
elviz-contigs-1056226.Herbaspirillum-1	o__Burkholderiales (UID4002)	107	574	251	192	367	15	0	0	0	63.82	2.23	13.33
elviz-contigs-1056172.Methylobacter-1	k__Bacteria (UID203)	5449	103	57	29	21	48	3	2	0	63.57	51.08	88.41
elviz-contigs-1056220.Bacteriovorax-1	k__Bacteria (UID3187)	2258	182	112	72	110	0	0	0	0	63.54	0	0
elviz-contigs-1056091.Rhodocyclales-1	f__Rhodocyclaceae (UID3972)	30	540	241	172	343	20	4	1	0	63.54	6.01	50
elviz-contigs-1056220.Bacteriovorax-1	k__Bacteria (UID3187)	2258	182	112	72	110	0	0	0	0	63.54	0	0
elviz-contigs-1056028.Flavobacterium-1	f__Flavobacteriaceae (UID2817)	81	511	283	186	199	94	28	3	1	63.27	32.48	47.57
elviz-contigs-1056136.Bacteriovorax-1	k__Bacteria (UID203)	5449	103	57	29	47	24	3	0	0	63.08	21.64	21.21
elviz-contigs-1056223.Delftia-1	f__Comamonadaceae (UID4119)	39	693	323	265	399	29	0	0	0	62.74	4.13	31.03
elviz-contigs-1056241.Caulobacter-1	c__Alphaproteobacteria (UID3422)	26	529	308	192	326	11	0	0	0	62.69	2.6	27.27
elviz-contigs-1056193.Bacteriovorax-1	k__Bacteria (UID3187)	2258	182	112	73	109	0	0	0	0	62.65	0	0
elviz-contigs-1056193.Bacteriovorax-1	k__Bacteria (UID3187)	2258	182	112	73	109	0	0	0	0	62.65	0	0
elviz-contigs-1056097.Methylosarcina-1	k__Bacteria (UID203)	5449	103	57	31	48	23	1	0	0	62.36	23.29	57.69
elviz-contigs-1056196.Acidovorax-1	k__Bacteria (UID203)	5449	104	58	50	18	20	10	6	0	62.34	75.13	68.6
elviz-contigs-1056067.Flavobacterium-1	f__Flavobacteriaceae (UID2817)	81	511	283	184	263	55	9	0	0	61.94	11.33	28.05
elviz-contigs-1056205.Acidovorax-1	o__Burkholderiales (UID4105)	54	553	264	219	185	105	37	4	3	61.63	40.5	30.71
elviz-contigs-1056031.Comamonadaceae-1	o__Burkholderiales (UID4000)	193	427	214	149	207	59	12	0	0	61.45	20.15	23.16
elviz-contigs-1056034.Comamonadaceae-1	o__Burkholderiales (UID4000)	193	427	214	147	162	94	19	4	1	61.4	28	25.95
elviz-contigs-1056079.Comamonadaceae-1	o__Burkholderiales (UID4000)	193	427	214	149	182	91	5	0	0	61.13	21.75	53.77
elviz-contigs-1056136.Opitutae-1	k__Bacteria (UID203)	5449	104	58	33	48	22	1	0	0	61.13	15.34	40
elviz-contigs-1056121.Acidovorax-2	o__Burkholderiales (UID4105)	54	553	264	196	286	60	9	2	0	60.97	14.9	39.39
elviz-contigs-1056022.Bdellovibrio-1	k__Bacteria (UID3187)	2258	181	111	70	111	0	0	0	0	60.94	0	0
elviz-contigs-1056022.Bdellovibrio-1	k__Bacteria (UID3187)	2258	181	111	70	111	0	0	0	0	60.94	0	0
elviz-contigs-1056094.Comamonadaceae-1	k__Bacteria (UID203)	5449	104	58	38	38	27	1	0	0	60.89	22.73	66.67
elviz-contigs-1056028.Bacteroidetes-1	k__Bacteria (UID2569)	434	278	186	120	124	34	0	0	0	60.7	13.91	2.94
elviz-contigs-1056196.Bacteriovorax-1	k__Bacteria (UID3187)	2258	182	112	60	111	11	0	0	0	60.6	6.65	54.55
elviz-contigs-1056190.Methylosarcina-1	c__Gammaproteobacteria (UID4274)	112	580	289	211	353	15	0	1	0	60.55	3.4	33.33
elviz-contigs-1056145.Azospirillum-1	c__Alphaproteobacteria (UID3305)	564	345	228	144	195	6	0	0	0	60.43	2.01	0
elviz-contigs-1056145.Azospirillum-1	c__Alphaproteobacteria (UID3305)	564	345	228	144	195	6	0	0	0	60.43	2.01	0
elviz-contigs-1056061.Comamonadaceae-1	k__Bacteria (UID203)	5449	104	58	34	43	17	10	0	0	60.31	25.61	72.34
elviz-contigs-1056202.Herbaspirillum-1	o__Burkholderiales (UID4002)	107	574	251	205	356	13	0	0	0	60.2	2.16	92.31
elviz-contigs-1056040.Methylotenera-1	k__Bacteria (UID203)	5449	104	58	56	22	15	3	6	2	60.02	68.73	71.76
elviz-contigs-1056262.Methylobacter-1	k__Bacteria (UID203)	5449	103	57	35	16	48	1	3	0	59.78	48.77	86.96
elviz-contigs-1056166.Methylobacter-1	k__Bacteria (UID203)	5449	103	57	40	26	30	6	0	1	59.72	52.67	87.3
elviz-contigs-1056127.Comamonadaceae-1	o__Burkholderiales (UID4000)	193	427	214	154	173	73	24	3	0	59.56	26.95	19.02
elviz-contigs-1056082.Burkholderiales-1	o__Burkholderiales (UID4000)	193	427	214	162	176	81	7	1	0	59.5	24	47.22
elviz-contigs-1056145.Comamonadaceae-1	o__Burkholderiales (UID4000)	193	427	214	152	226	45	4	0	0	59.48	12.19	29.82
elviz-contigs-1056013.Dechloromonas-1	c__Betaproteobacteria (UID3971)	223	425	211	165	251	9	0	0	0	59.36	2.95	66.67
elviz-contigs-1056085.Bacteriovorax-1	k__Bacteria (UID3187)	2258	182	112	67	109	6	0	0	0	59.09	4.07	0
elviz-contigs-1056085.Bacteriovorax-1	k__Bacteria (UID3187)	2258	182	112	67	109	6	0	0	0	59.09	4.07	0
elviz-contigs-1056115.Rhodocyclales-1	f__Rhodocyclaceae (UID3972)	30	540	241	201	314	25	0	0	0	59.04	4.31	60
elviz-contigs-1056145.Gammaproteobacteria-3	c__Gammaproteobacteria (UID4201)	1164	275	174	107	122	45	0	1	0	58.63	15.67	21.57
elviz-contigs-1056058.Methylosarcina-1	c__Gammaproteobacteria (UID4274)	112	580	289	213	349	17	1	0	0	58.55	3.17	15
elviz-contigs-1056184.Burkholderiales-1	o__Burkholderiales (UID4000)	193	427	214	163	149	92	18	4	1	58.51	34	16.67
elviz-contigs-1056211.Methylotenera-1	c__Betaproteobacteria (UID3888)	323	387	234	152	162	58	14	1	0	58.42	25.08	71.7
elviz-contigs-1056067.Comamonadaceae-1	k__Bacteria (UID203)	5449	104	58	40	35	27	2	0	0	58.25	25.27	60.61
elviz-contigs-1056238.Curvibacter-1	o__Burkholderiales (UID4000)	193	425	212	175	220	26	3	1	0	58.07	7.39	34.15
elviz-contigs-1056163.Bacteriovorax-1	k__Bacteria (UID3187)	2258	182	112	67	111	4	0	0	0	57.9	1.05	0
elviz-contigs-1056097.Methylovulum-1	c__Gammaproteobacteria (UID4274)	112	580	289	243	284	42	7	3	1	57.9	10.12	50.55
elviz-contigs-1056163.Bacteriovorax-1	k__Bacteria (UID3187)	2258	182	112	67	111	4	0	0	0	57.9	1.05	0
elviz-contigs-1056127.Burkholderiales-1	o__Burkholderiales (UID4000)	193	427	214	165	182	72	8	0	0	57.8	18.45	31.25
elviz-contigs-1056238.Sphingobacteriales-1	p__Bacteroidetes (UID2591)	364	302	203	107	190	5	0	0	0	57.77	0.87	40
elviz-contigs-1056022.Rheinheimera-1	c__Gammaproteobacteria (UID4761)	52	693	297	287	390	16	0	0	0	57.5	3.36	6.25
elviz-contigs-1056022.Rheinheimera-1	c__Gammaproteobacteria (UID4761)	52	693	297	287	390	16	0	0	0	57.5	3.36	6.25
elviz-contigs-1056214.Acidovorax-1	o__Burkholderiales (UID4105)	54	553	264	280	188	69	14	2	0	57.4	23.43	36.59
elviz-contigs-1056115.Bacteriovorax-1	k__Bacteria (UID3187)	2258	182	112	85	97	0	0	0	0	57.29	0	0
elviz-contigs-1056274.Flavobacterium-1	f__Flavobacteriaceae (UID2817)	81	511	283	212	281	17	1	0	0	57.29	3.75	5
elviz-contigs-1056115.Bacteriovorax-1	k__Bacteria (UID3187)	2258	182	112	85	97	0	0	0	0	57.29	0	0
elviz-contigs-1056274.Flavobacterium-1	f__Flavobacteriaceae (UID2817)	81	511	283	212	281	17	1	0	0	57.29	3.75	5
elviz-contigs-1056013.Comamonadaceae-1	o__Burkholderiales (UID4000)	193	427	214	192	179	49	6	1	0	57.24	14.15	16.44
elviz-contigs-1056070.Opitutae-1	k__Bacteria (UID2982)	88	230	148	78	139	12	1	0	0	57.13	2.34	46.67
elviz-contigs-1056178.Gammaproteobacteria-1	c__Gammaproteobacteria (UID4201)	1164	275	174	102	167	6	0	0	0	56.93	2.43	16.67
elviz-contigs-1056163.Flavobacterium-1	f__Flavobacteriaceae (UID2817)	81	511	283	211	250	44	5	0	1	56.48	11.56	45.95
elviz-contigs-1056142.Methylobacter-1	c__Gammaproteobacteria (UID4274)	112	580	289	254	157	121	28	13	7	56.14	49.3	76.36
elviz-contigs-1056043.Dechloromonas-1	c__Betaproteobacteria (UID3971)	223	425	211	184	225	16	0	0	0	56.07	4.04	31.25
elviz-contigs-1056235.Methylobacter-1	c__Gammaproteobacteria (UID4274)	112	580	289	257	285	35	3	0	0	55.98	8.37	65.91
elviz-contigs-1056052.Flectobacillus-1	o__Cytophagales (UID2937)	44	474	330	207	259	7	1	0	0	55.96	2.33	10
elviz-contigs-1056028.Bacteriovorax-1	k__Bacteria (UID3187)	2258	182	112	65	101	16	0	0	0	55.84	11.71	68.75
elviz-contigs-1056154.Methylotenera-1	c__Betaproteobacteria (UID3888)	323	387	234	164	181	36	4	2	0	55.84	13.82	31.67
elviz-contigs-1056229.Burkholderiales-1	o__Burkholderiales (UID4000)	193	427	214	185	202	39	1	0	0	55.82	9.69	21.43
elviz-contigs-1056271.Opitutae-1	k__Bacteria (UID2982)	88	230	148	81	147	2	0	0	0	55.74	0.72	0
elviz-contigs-1056271.Opitutae-1	k__Bacteria (UID2982)	88	230	148	81	147	2	0	0	0	55.74	0.72	0
elviz-contigs-1056043.Methylotenera-1	k__Bacteria (UID203)	5449	104	58	59	19	8	5	6	7	55.58	86.52	63.19
elviz-contigs-1056136.Rhodocyclales-1	f__Rhodocyclaceae (UID3972)	30	540	241	219	289	29	3	0	0	55.39	7.62	68.42
elviz-contigs-1056130.Methylobacter-1	k__Bacteria (UID203)	5449	103	57	38	22	30	9	4	0	55.26	51.08	79.01
elviz-contigs-1056133.Methylobacter-1	c__Gammaproteobacteria (UID4274)	112	580	289	261	151	111	39	9	9	54.82	49.96	75.27
elviz-contigs-1056214.Methylobacter-1	k__Bacteria (UID203)	5449	103	57	42	10	47	2	2	0	54.78	50.76	86.15
elviz-contigs-1056094.Methylobacter-1	k__Bacteria (UID203)	5449	103	57	43	24	24	9	2	1	54.46	63.89	77.38
elviz-contigs-1056265.Rhodocyclales-1	f__Rhodocyclaceae (UID3972)	30	540	241	234	265	37	4	0	0	54.41	9.38	79.59
elviz-contigs-1056118.Rhodocyclales-1	f__Rhodocyclaceae (UID3972)	30	540	241	232	276	31	1	0	0	54.14	5.21	73.53
elviz-contigs-1056250.Flavobacterium-1	f__Flavobacteriaceae (UID2817)	81	511	283	230	267	13	1	0	0	54.08	3.78	6.25
elviz-contigs-1056250.Flavobacterium-1	f__Flavobacteriaceae (UID2817)	81	511	283	230	267	13	1	0	0	54.08	3.78	6.25
elviz-contigs-1056172.Acidovorax-1	o__Burkholderiales (UID4105)	54	553	264	271	199	70	12	0	1	54.07	18.49	43.1
elviz-contigs-1056139.Flavobacterium-1	f__Flavobacteriaceae (UID2817)	81	511	283	229	191	71	19	0	1	54.01	23.81	35.9
elviz-contigs-1056157.Rhodocyclales-1	f__Rhodocyclaceae (UID3972)	30	540	241	229	247	53	9	1	1	53.93	17.76	69.79
elviz-contigs-1056046.Myxococcales-1	c__Deltaproteobacteria (UID3216)	83	247	155	114	131	1	1	0	0	53.92	1.94	0
elviz-contigs-1056046.Myxococcales-1	c__Deltaproteobacteria (UID3216)	83	247	155	114	131	1	1	0	0	53.92	1.94	0
elviz-contigs-1056115.Flavobacterium-1	f__Flavobacteriaceae (UID2817)	81	511	283	215	252	39	4	1	0	53.89	9.59	17.54
elviz-contigs-1056148.Burkholderiales-1	k__Bacteria (UID203)	5449	104	58	34	45	22	3	0	0	53.84	21.39	51.61
elviz-contigs-1056211.Methylobacter-1	c__Gammaproteobacteria (UID4274)	112	580	289	270	277	32	1	0	0	53.82	6.7	62.86
elviz-contigs-1056139.Acidovorax-1	k__Bacteria (UID203)	5449	104	58	43	34	15	10	2	0	53.7	29.78	64.91
elviz-contigs-1056181.Acidovorax-1	o__Burkholderiales (UID4105)	54	553	264	275	183	77	16	2	0	53.67	25.31	32.12
elviz-contigs-1056085.Rhodocyclales-1	f__Rhodocyclaceae (UID3972)	30	540	241	220	282	36	2	0	0	53.44	7.53	64.29
elviz-contigs-1056163.Sphingobacteriales-1	p__Bacteroidetes (UID2591)	364	303	203	136	145	21	1	0	0	53.41	6.82	75
elviz-contigs-1056031.Flavobacterium-1	k__Bacteria (UID203)	5449	104	58	62	33	7	2	0	0	53.35	16.54	61.54
elviz-contigs-1056193.Methylobacter-1	c__Gammaproteobacteria (UID4274)	112	580	289	260	209	82	18	2	9	53.3	33.87	66.54
elviz-contigs-1056118.Sphingobacteriales-1	p__Bacteroidetes (UID2591)	364	303	203	126	137	37	3	0	0	53.11	11.36	71.74
elviz-contigs-1056208.Flavobacterium-1	f__Flavobacteriaceae (UID2817)	81	511	283	242	248	20	1	0	0	52.87	3.76	30.43
elviz-contigs-1056160.Sphingobacteriales-1	p__Bacteroidetes (UID2591)	364	303	203	129	162	10	2	0	0	52.78	5.08	50
elviz-contigs-1056193.Rhodocyclales-1	f__Rhodocyclaceae (UID3972)	30	540	241	257	271	12	0	0	0	52.76	1.57	50
elviz-contigs-1056034.Sphingobacteriales-1	p__Bacteroidetes (UID2591)	364	303	203	126	167	8	2	0	0	52.72	3.63	0
elviz-contigs-1056034.Sphingobacteriales-1	p__Bacteroidetes (UID2591)	364	303	203	126	167	8	2	0	0	52.72	3.63	0
elviz-contigs-1056022.Comamonadaceae-1	o__Burkholderiales (UID4000)	193	427	214	215	162	46	4	0	0	52.65	11.86	25.86
elviz-contigs-1056241.Rhodocyclales-1	f__Rhodocyclaceae (UID3972)	30	540	241	237	272	31	0	0	0	52.56	5.86	54.84
elviz-contigs-1056097.Methylococcaceae-1	k__Bacteria (UID203)	5449	103	57	40	39	19	4	1	0	52.54	23.84	48.65
elviz-contigs-1056025.Methylococcaceae-1	k__Bacteria (UID203)	5449	103	57	45	39	15	4	0	0	52.25	22.31	51.85
elviz-contigs-1056055.Dechloromonas-1	c__Betaproteobacteria (UID3971)	223	425	211	193	205	27	0	0	0	52.06	7.49	48.15
elviz-contigs-1056199.Pseudomonas-1	o__Pseudomonadales (UID4488)	185	812	307	364	374	65	6	3	0	51.79	13.62	67.33
elviz-contigs-1056028.Sphingobacteriales-1	p__Bacteroidetes (UID2591)	364	303	203	125	165	12	1	0	0	50.98	3.28	20
elviz-contigs-1056049.Sphingobacteriales-1	p__Bacteroidetes (UID2605)	350	316	210	147	159	10	0	0	0	50.81	1.71	0
elviz-contigs-1056049.Sphingobacteriales-1	p__Bacteroidetes (UID2605)	350	316	210	147	159	10	0	0	0	50.81	1.71	0
elviz-contigs-1056028.Acidovorax-1	o__Burkholderiales (UID4105)	54	553	264	274	199	64	12	4	0	50.71	18.92	40.32
elviz-contigs-1056031.Bacteriovorax-1	k__Bacteria (UID3187)	2258	182	112	68	100	13	1	0	0	50.69	4.17	12.5
elviz-contigs-1056172.Flavobacterium-1	f__Flavobacteriaceae (UID2817)	81	511	283	239	240	30	2	0	0	50.63	6.66	38.89
elviz-contigs-1056073.Methylococcaceae-1	c__Gammaproteobacteria (UID4274)	112	580	289	297	206	52	22	2	1	50.03	21.24	30